{
    "spotify_metadata": {
        "title": "Bohemian Rhapsody - Remastered 2011",
        "artist": "Queen",
        "contributing_artists": [
            "Queen"
        ],
        "album": "A Night At The Opera (Deluxe Remastered Version)",
        "album_artist": "Queen",
        "year": "1975",
        "popularity": 70,
        "genres": [
            "classic rock",
            "glam rock",
            "rock"
        ]
    },
    "musicbrainz_metadata": {
        "title": "Bohemian Rhapsody",
        "artist": "Stephen Lloyd",
        "album": "Alvin Lives (In Leeds): Anti Poll Tax Trax",
        "album_artist": "Various Artists",
        "year": "1990"
    },
    "deezer_metadata": {
        "title": "Bohemian Rhapsody",
        "contributing_artists": [
            "London Starlight Orchestra"
        ],
        "album_artist": "London Starlight Orchestra",
        "album": "The Show Must Go On - Queen Songbook",
        "year": "1992",
        "genres": [
            "Pop"
        ]
    },
    "discogs_metadata": [],
    "lastfm_tags": [
        "classic rock",
        "rock",
        "Queen",
        "70s",
        "80s"
    ],
    "resolved_metadata": {
        "title": "Bohemian Rhapsody",
        "contributing_artists": "Queen",
        "album_artist": "Queen",
        "album": "A Night At The Opera",
        "year": "1975",
        "genres": [
            "classic rock",
            "glam rock",
            "rock"
        ]
    }
}